{
  "total_spikes_e": 265101,
  "total_spikes_i": 32636,
  "mean_rate_e": 55.229375,
  "mean_rate_i": 27.196666666666665,
  "active_connections": 0,
  "weight_mean_active": 0.0,
  "weight_std_active": 0.0,
  "weight_min_active": 0.0,
  "weight_max_active": 0.0,
  "final_density": 0.0,
  "max_density": 0.25,
  "min_density": 0.0,
  "has_nan_weights": false,
  "has_nan_activity": false,
  "weights_in_bounds": true,
  "gamma_mean": 0.33333333136855603,
  "gamma_max": 0.9999999958776926,
  "gamma_final": 9.727604774987714e-29,
  "energy_mean": 46660.595521933144,
  "energy_max": 216180.9262045507,
  "pressure_mean": 8.851353937543015,
  "pressure_max": 42.23618524091014,
  "budget_exceeded_fraction": 0.26666666666666666,
  "effort_mean": 0.6758590752299714,
  "effort_min": 0.5000000000015494,
  "effort_final": 0.5000000000015494,
  "gne_mean": 0.19665788221371416,
  "gne_max": 0.9902489406547024,
  "gne_final": 0.1000000000003099,
  "recall_noassist": 2585.0,
  "recall_assist": 10340.0,
  "odi": -7755.0,
  "interpretation": "ODI>0 indique dépendance à l'aide externe"
}