omega,t0_ms,seed,rep,condition_id,ODI,PDI,E_total,E_overshoot,E_mean_win,E_max_win,densite_finale,FR_mean_E,Delta_w_plus,status
0.0,2000,42,1,omega0.00_t02000_seed42_rep1,-0.010215879002153032,0.0,51819.375849323245,0.0,518.1937584932325,1036.387516986465,0.12957813478441593,3.7448087506191916,0.055760923213532626,success
0.5,2000,42,1,omega0.50_t02000_seed42_rep1,0.145837183269762,0.0,64531.72874056017,3.664186708965815,645.3172874056016,1290.6345748112033,0.22808557691844222,3.535551901313653,0.023136489708347353,success
