{
  "total_spikes_e": 53499,
  "total_spikes_i": 10274,
  "mean_rate_e": 26.7495,
  "mean_rate_i": 20.548,
  "weight_mean": 0.38126147125339094,
  "weight_std": 0.19717353462567763,
  "weight_min": 0.0,
  "weight_max": 1.0,
  "has_nan_weights": false
}